{"SMALL": {"DIESEL": 137.58, "PETROL": 149.46, "HYBRID": 104.94000000000001, "UNKNOWN": 145.49}, "MEDIUM": {"DIESEL": 164.96, "PETROL": 187.85, "HYBRID": 109.57000000000001, "UNKNOWN": 175.62}, "LARGE": {"DIESEL": 207.21, "PETROL": 279.09000000000003, "HYBRID": 151.51000000000002, "UNKNOWN": 225.97}, "AVERAGE": {"DIESEL": 168.43, "PETROL": 174.31, "HYBRID": 119.52, "UNKNOWN": 171.48}}